name,age,wishlist,photo
Brie,3Y/10M/5D,"Churu, scratching post",Brie.jpeg
Dolly,2Y/10M/24D,"puppy pads, Tidy Cats litter",Dolly.jpeg
Kenny,5Y/4M/12D,"chirpy toy, puppy pads",Kenny.jpeg
Myers,2Y/9M/18D,"cozy bed, springs",Myers.jpeg
Ollie,2Y/1M/18D,ceramic water fountain,Ollie.jpeg
Omega,1Y/8M/25D,Rescue,Omega.jpeg
Orion,4Y/1M/4D,bleach,Orion.jpeg
Sweetie,1Y/8M/25D,treats,Sweetie.jpeg
Zillo,2Y/5M/23D,catnip,Zillo.jpeg
Gray,2Y/10M/14D,Fancy Feast adult pate wet food,Gray.jpeg
Mama Streets,6Y/2M/20D,Fancy Feast adult grilled wet food,Mama Streets.jpeg
Carrot,2Y/1M/9D,crinkle mat,Carrot.jpeg
Marceline,3Y/10M/4D,Odoban,Marceline.jpeg
Corkscrew,12Y/3M/20D,"Churu, scratching post",Corkscrew.jpeg
Nazzareno,1Y/9M/3D,"puppy pads, Tidy Cats litter",Nazzareno.jpeg
Bungee,4Y/3M/10D,"chirpy toy, puppy pads",Bungee.jpeg
Cece,1Y/3M/0D,"cozy bed, springs",Cece.jpeg
Davey,1Y/3M/0D,ceramic water fountain,Davey.jpeg
Tinker,1Y/3M/18D,Rescue,Tinker.jpeg
Lolita,1Y/3M/5D,bleach,Lolita.jpeg
Sheldon,6Y/2M/15D,treats,Sheldon.jpeg
Andie,1Y/5M/8D,catnip,Andie.jpeg
Pasta,4Y/0M/11D,Fancy Feast adult pate wet food,Pasta.jpeg
Moon,3Y/7M/6D,Fancy Feast adult grilled wet food,Moon.jpeg
Jasper,12Y/9M/27D,crinkle mat,Jasper.jpeg
Amos,3Y/9M/26D,Odoban,Amos.jpeg
Halia,10Y/11M/23D,"Churu, scratching post",Halia.jpeg
Baby,1Y/5M/21D,"puppy pads, Tidy Cats litter",Baby.jpeg
Swish,1Y/3M/15D,"chirpy toy, puppy pads",Swish.jpeg
Knockout,2Y/11M/15D,"cozy bed, springs",Knockout.jpeg
Samson,3Y/11M/2D,ceramic water fountain,Samson.jpeg
Baby Girl,2Y/2M/30D,Rescue,Baby Girl.jpeg
Puma,12Y/4M/24D,bleach,Puma.jpeg
Holmes,2Y/1M/1D,treats,Holmes.jpeg
Xander,1Y/5M/27D,catnip,Xander.jpeg
Jake,9Y/10M/18D,Fancy Feast adult pate wet food,Jake.jpeg
Hey You,10Y/7M/11D,Fancy Feast adult grilled wet food,Hey You.jpeg
Shadow,12Y/0M/5D,crinkle mat,Shadow.jpeg
Baby Sue,0Y/9M/4D,Odoban,Baby Sue.jpeg
Opie,1Y/4M/11D,"Churu, scratching post",Opie.jpeg
Kip,0Y/9M/17D,"puppy pads, Tidy Cats litter",Kip.jpeg
Boro,3Y/6M/8D,"chirpy toy, puppy pads",Boro.jpeg
Vance,2Y/5M/0D,"cozy bed, springs",Vance.jpeg
Wynn,4Y/7M/2D,ceramic water fountain,Wynn.jpeg
Theodore,1Y/5M/0D,Rescue,Theodore.jpeg
Speedy,0Y/6M/21D,bleach,Speedy.jpeg
Floppy,0Y/6M/18D,treats,Floppy.jpeg
Star,0Y/7M/4D,catnip,Star.jpeg
JJ,0Y/6M/6D,Fancy Feast adult pate wet food,JJ.jpeg
Lily,2Y/3M/28D,Fancy Feast adult grilled wet food,Lily.jpeg
Honeybee,1Y/3M/28D,crinkle mat,Honeybee.jpeg
Sabrina,11Y/2M/17D,Odoban,Sabrina.jpeg
Tuna,2Y/4M/13D,"Churu, scratching post",Tuna.jpeg
Percy,1Y/9M/5D,"puppy pads, Tidy Cats litter",Percy.jpeg
Cheeto,0Y/5M/24D,"chirpy toy, puppy pads",Cheeto.jpeg
Juneau,6Y/1M/25D,"cozy bed, springs",Juneau.jpeg
Cricket,0Y/8M/3D,ceramic water fountain,Cricket.jpeg
Nanny,0Y/8M/3D,Rescue,Nanny.jpeg
Noodle,0Y/8M/3D,bleach,Noodle.jpeg
Julius,0Y/6M/15D,treats,Julius.jpeg
Sara,0Y/5M/23D,catnip,Sara.jpeg
Gracie,15Y/1M/20D,Fancy Feast adult pate wet food,Gracie.jpeg
Jiggy June,1Y/3M/27D,Fancy Feast adult grilled wet food,Jiggy June.jpeg
Ruby,10Y/1M/10D,crinkle mat,Ruby.jpeg
Junior,0Y/4M/1D,Odoban,Junior.jpeg
Bizzy,0Y/4M/1D,"Churu, scratching post",Bizzy.jpeg
Tish,0Y/3M/25D,"puppy pads, Tidy Cats litter",Tish.jpeg
Tippy,1Y/1M/8D,"chirpy toy, puppy pads",Tippy.jpeg
Tommy,1Y/1M/8D,"cozy bed, springs",Tommy.jpeg
Parry Ferol,3Y/7M/3D,ceramic water fountain,Parry Ferol.jpeg
India,0Y/6M/12D,Rescue,India.jpeg
Tsunami,1Y/8M/5D,bleach,Tsunami.jpeg
Stardust,0Y/5M/4D,treats,Stardust.jpeg
Mr. Handsome,4Y/0M/23D,catnip,Mr. Handsome.jpeg
Liza Ann,8Y/0M/28D,Fancy Feast adult pate wet food,Liza Ann.jpeg
Cletus (kitten),2Y/0M/14D,Fancy Feast adult grilled wet food,Cletus (kitten).jpeg
Snow,1Y/6M/24D,crinkle mat,Snow.jpeg
Cookie Crisp ,0Y/2M/14D,Odoban,Cookie Crisp .jpeg
Wheaties,0Y/2M/14D,"Churu, scratching post",Wheaties.jpeg
Nash,1Y/1M/3D,"puppy pads, Tidy Cats litter",Nash.jpeg
Athena ,3Y/3M/18D,"chirpy toy, puppy pads",Athena .jpeg
Hercules,3Y/3M/18D,"cozy bed, springs",Hercules.jpeg