name,age,photo,wishlist
Amos,3Y/9M/26D,Amos.jpeg,"Vetoquinol Viralys Powder Immune Supplement for Cats, 3.5 oz. ($16), Frisco Chewy Wall Mounted Cat Steps, 4 pack ($30)"
Andie,1Y/5M/8D,Andie.jpeg,"SmartyKat Instincts Soarin' Squirrel ($6), Purina Fancy Feast Grilled Seafood Collection in Wet Cat Food - (Pack of 24) 3 oz. Cans ($21)"
Athena,3Y/3M/18D,Athena.jpeg,"Yaheetech Multi-Level 63 in. Plush Cat Tree, Dark Gray ($51), Boscute Charcoal Super Absorbency Puppy Pads, XXXL 36""x36""  ($37)"
Baby Girl,2Y/2M/30D,Baby Girl.jpeg,"Zesty Paws Wild Alaskan Omega-3 Blend Supplement for Pets, 32 oz. ($32), Purina ONE Tender Selects Blend with Real Chicken Digestive Formula Dry Cat Food, 22 lb. Bag ($28)"
Baby Sue,0Y/9M/4D,Baby Sue.jpeg,"Yaheetech Multi-Level 63 in. Plush Cat Tree, Dark Gray ($51), Pet Food Can Lids, Food Safe & Dishwasher Safe, Most Standard Size Cans (6 Pcs) ($7)"
Bizzy,0Y/4M/1D,Bizzy.jpeg,"REScue One-Step Concentrate Disinfectant, 1 gal ($58), Medical Soft Max Nitrile Exam Gloves, Latex-Free, 100 Count, Medium ($8)"
Boro,3Y/6M/8D,Boro.jpeg,"Vetoquinol Viralys Powder Immune Supplement for Cats, 3.5 oz. ($16), Sheba Perfect Portions Adult Pate Wet Cat Food Trays (Case of 24), 2.6 oz. ($24)"
Brie,3Y/10M/5D,Brie.jpeg,"Frisco (Chewy) Foldable Play Tri-Tunnel Cat Toy ($13), Yaheetech Multi-Level 63 in. Plush Cat Tree, Dark Gray ($51)"
Bungee,4Y/3M/10D,Bungee.jpeg,"Yaheetech Multi-Level 63 in. Plush Cat Tree, Dark Gray ($51), REScue One-Step Ready-to-Use Disinfectant, 32 oz. ($16)"
Carrot,2Y/1M/9D,Carrot.jpeg,"Hartz Just for Cats Peek & Play Pop-Up Tent Cat Toy ($13), PawsPik Suction Cup Cat Laser Toy ($23)"
Cheeto,0Y/5M/24D,Cheeto.jpeg,"Tidy Cats Glade Clear Springs Clumping Cat Litter, 14 lb. jug ($10), Frisco Chewy Quilted Orthopedic Pillow Lounger Cat & Dog Bed with Removable Cover, Gray, Large ($30)"
Cletus (kitten),2Y/0M/14D,Cletus (kitten).jpeg,"Supet Cat Plates, Non-Slip, Whisker Friendly, Stainless Steel Shallow Wide Dishes (8 Pcs) 13 oz. ($24), Frisco Chewy Cushioned Wall Mounted Cat Wall Shelf ($25)"
Cookie Crisp,0Y/2M/14D,Cookie Crisp.jpeg,"COMFORT ZONE Value Kit ($53), Rear Cover for Automatic Microchip Cat Pet Feeder (2 pcs) ($23)"
Corkscrew,12Y/3M/20D,Corkscrew.jpeg,"Tidy Cats Instant Action Scented Clumping Cat Litter, 35 lb. pail ($19), Yaheetech Multi-Level 63 in. Plush Cat Tree, Dark Gray ($51)"
Cricket,0Y/8M/3D,Cricket.jpeg,"Frisco Chewy Quilted Orthopedic Pillow Lounger Cat & Dog Bed with Removable Cover, Gray, Large ($30), Fancy Feast Gravy Lovers Grilled Wet Cat Food - (Pack of 24) 3 oz. Cans ($21)"
Dolly,2Y/10M/24D,Dolly.jpeg,"Frisco Chewy Sherpa Reversible Cat Mat, Calico Cat ($8), Zesty Paws Wild Alaskan Omega-3 Blend Supplement for Pets, 32 oz. ($32)"
Firecracker,0Y/5M/10D,Firecracker.jpeg,"Frisco (Chewy) 20 in. Faux Fur Cat Tree, Gray ($24), Vetoquinol Viralys Powder Immune Supplement for Cats, 3.5 oz. ($16)"
Gracie,15Y/1M/20D,Gracie.jpeg,"FELIWAY® Optimum 30 Day Plug In Starter Kit ($30), Temptations Cat Treats, Any Variety, 16 oz. tub ($9)"
Gray,2Y/10M/14D,Gray.jpeg,"HOOBRO Wooden Cat Tree, Versatile Cat Tower 4-Tier, Greige BG34MZ03 ($68), OurPets Batting Practice Interactive Cat Toy ($10)"
Halia,10Y/11M/23D,Halia.jpeg,"Medical Soft Max Nitrile Exam Gloves, Latex-Free, 100 Count, Medium ($8), Sheba Perfect Portions Adult Grilled Wet Cat Food Trays (Case of 24), 2.6 oz. ($24)"
Hercules,3Y/3M/18D,Hercules.jpeg,"Tidy Cats Clumping Multi Cat Litter, Glade Clear Springs - 38 lb. Box ($26), Vetoquinol Viralys Powder Immune Supplement for Cats, 3.5 oz. ($16)"
Hey You,10Y/7M/11D,Hey You.jpeg,"EYS Narwhal Unicorn Whale Flop & Jump Interactive Plush Cat Toy ($17), Supet Cat Plates, Non-Slip, Whisker Friendly, Stainless Steel Shallow Wide Dishes (8 Pcs) 13 oz. ($24)"
Holmes,2Y/1M/1D,Holmes.jpeg,"Temptations Cat Treats, Any Variety, 16 oz. tub ($9), Boscute Charcoal Super Absorbency Puppy Pads, XXXL 36""x36""  ($37)"
India,0Y/6M/12D,India.jpeg,"Rear Cover for Automatic Microchip Cat Pet Feeder (2 pcs) ($23), Vetoquinol Pro-Pectalin Oral Paste, Chicken, 15cc ($18)"
Jake,9Y/10M/18D,Jake.jpeg,"The Ripple Rug ($47), Frisco Chewy Quilted Orthopedic Pillow Lounger Cat & Dog Bed with Removable Cover, Gray, Large ($30)"
Jasper,12Y/9M/27D,Jasper.jpeg,"Frisco Chewy Quilted Orthopedic Pillow Lounger Cat & Dog Bed with Removable Cover, Gray, Large ($30), Hartz Just for Cats Peek & Play Pop-Up Tent Cat Toy ($13)"
Jiggy June,1Y/3M/27D,Jiggy June.jpeg,"EYS Narwhal Unicorn Whale Flop & Jump Interactive Plush Cat Toy ($17), Vetoquinol Pro-Pectalin Oral Paste, Chicken, 15cc ($18)"
JJ,0Y/6M/6D,JJ.jpeg,"Frisco Chewy Wall Mounted Cat Steps, 4 pack ($30), OdoBan Disinfectant Concentrate, Eucalyptus Scent, 1 gal ($13)"
Julius,0Y/6M/15D,Julius.jpeg,"Frisco (Chewy) 20 in. Faux Fur Cat Tree, Gray ($24), Purina Fancy Feast Grilled Seafood Collection in Wet Cat Food - (Pack of 24) 3 oz. Cans ($21)"
Juneau,6Y/1M/25D,Juneau.jpeg,"Fancy Feast Kitten Pate Wet Cat Food - (Pack of 24) 3 oz. Cans ($21), OurPets Batting Practice Interactive Cat Toy ($10)"
Kenny,5Y/4M/12D,Kenny.jpeg,"Purina Fancy Feast Grilled Seafood Collection in Wet Cat Food - (Pack of 24) 3 oz. Cans ($21), Vetoquinol Viralys Powder Immune Supplement for Cats, 3.5 oz. ($16)"
Kip,0Y/9M/17D,Kip.jpeg,"Zesty Paws Wild Alaskan Omega-3 Blend Supplement for Pets, 32 oz. ($32), OurPets Batting Practice Interactive Cat Toy ($10)"
Knockout,2Y/11M/15D,Knockout.jpeg,"Clorox Disinfecting Bleach, 81 fl. oz. ($7), OdoBan Disinfectant Concentrate, Eucalyptus Scent, 1 gal ($13)"
Lily,2Y/3M/28D,Lily.jpeg,"Vetoquinol Viralys Powder Immune Supplement for Cats, 3.5 oz. ($16), Purina ONE Tender Selects Blend with Real Chicken Digestive Formula Dry Cat Food, 22 lb. Bag ($28)"
Liza Ann,8Y/0M/28D,Liza Ann.jpeg,"REScue One-Step Ready-to-Use Disinfectant, 32 oz. ($16), Zesty Paws Wild Alaskan Omega-3 Blend Supplement for Pets, 32 oz. ($32)"
Lolita,1Y/3M/5D,Lolita.jpeg,"EYS Narwhal Unicorn Whale Flop & Jump Interactive Plush Cat Toy ($17), Pet Zone Play-N-Squeak MouseHunter Cat Toy with Catnip ($6)"
Mama Streets,6Y/2M/20D,Mama Streets.jpeg,"Pet Zone Play-N-Squeak MouseHunter Cat Toy with Catnip ($6), Tidy Cats Instant Action Scented Clumping Cat Litter, 35 lb. pail ($19)"
Marceline,3Y/10M/4D,Marceline.jpeg,"Amazon Aloe Vera Hand Sanitizer, 34 fl oz (Pack of 4) ($27), Boscute Charcoal Super Absorbency Puppy Pads, XXXL 36""x36""  ($37)"
Milo,3Y/4M/9D,Milo.jpeg,"Sheba Perfect Portions Adult Grilled Wet Cat Food Trays (Case of 24), 2.6 oz. ($24), Clorox Disinfecting Bleach, 81 fl. oz. ($7)"
Moon,3Y/7M/6D,Moon.jpeg,"EYS Narwhal Unicorn Whale Flop & Jump Interactive Plush Cat Toy ($17), Purina ONE Tender Selects Blend with Real Chicken Digestive Formula Dry Cat Food, 22 lb. Bag ($28)"
Mr. Handsome,4Y/0M/23D,Mr. Handsome.jpeg,"WePet Cat Litter Scoop, Aluminum Alloy Sifter ($9), Frisco Chewy Wall Mounted Cat Steps, 4 pack ($30)"
Myers,2Y/9M/18D,Myers.jpeg,"Frisco Chewy Quilted Orthopedic Pillow Lounger Cat & Dog Bed with Removable Cover, Gray, Large ($30), EYS Narwhal Unicorn Whale Flop & Jump Interactive Plush Cat Toy ($17)"
Nanny,0Y/8M/3D,Nanny.jpeg,"Purina Fancy Feast Grilled Seafood Collection in Wet Cat Food - (Pack of 24) 3 oz. Cans ($21), EYS Narwhal Unicorn Whale Flop & Jump Interactive Plush Cat Toy ($17)"
Nash,1Y/1M/3D,Nash.jpeg,"The Ripple Rug ($47), FELIWAY MultiCat 30 Day Plug In Starter Kit ($25)"
Nazzareno,1Y/9M/3D,Nazzareno.jpeg,"Pet Zone Play-N-Squeak MouseHunter Cat Toy with Catnip ($6), Temptations Cat Treats, Any Variety, 16 oz. tub ($9)"
Noodle,0Y/8M/3D,Noodle.jpeg,"Frisco (Chewy) Foldable Play Tri-Tunnel Cat Toy ($13), Allisandro Quilted Self Warming Cat & Dog Bed, Grey, Any Size ($25-40)"
Ollie,2Y/1M/18D,Ollie.jpeg,"PawsPik Interactive Fast Rolling Play Mat Ball Cat Toy ($30), Supet Cat Plates, Non-Slip, Whisker Friendly, Stainless Steel Shallow Wide Dishes (8 Pcs) 13 oz. ($24)"
Omega,1Y/8M/25D,Omega.jpeg,"Frisco Chewy Sherpa Reversible Cat Mat, Calico Cat ($8), Amazon Aloe Vera Hand Sanitizer, 34 fl oz (Pack of 4) ($27)"
Opie,1Y/4M/11D,Opie.jpeg,"EYS Narwhal Unicorn Whale Flop & Jump Interactive Plush Cat Toy ($17), Pet Food Can Lids, Food Safe & Dishwasher Safe, Most Standard Size Cans (6 Pcs) ($7)"
Orion,4Y/1M/4D,Orion.jpeg,"Pet Food Can Lids, Food Safe & Dishwasher Safe, Most Standard Size Cans (6 Pcs) ($7), Rear Cover for Automatic Microchip Cat Pet Feeder (2 pcs) ($23)"
Parry Ferol,3Y/7M/3D,Parry Ferol.jpeg,"FELIWAY MultiCat 30 Day Plug In Starter Kit ($25), Fancy Feast Gravy Lovers Grilled Wet Cat Food - (Pack of 24) 3 oz. Cans ($21)"
Pasta,4Y/0M/11D,Pasta.jpeg,"OdoBan Disinfectant Concentrate, Eucalyptus Scent, 1 gal ($13), PETOMG Wall Mounted House Cat Wall Shelf, Wood Color, Medium ($65)"
Percy,1Y/9M/5D,Percy.jpeg,"Frisco Chewy Quilted Orthopedic Pillow Lounger Cat & Dog Bed with Removable Cover, Gray, Large ($30), Frisco Foldable Play Tunnel with Mesh Cat Toy, Baltic Teal ($13)"
Puma,12Y/4M/24D,Puma.jpeg,"Tidy Cats Instant Action Scented Clumping Cat Litter, 35 lb. pail ($19), PawsPik Interactive Fast Rolling Play Mat Ball Cat Toy ($30)"
Ruby,10Y/1M/10D,Ruby.jpeg,"Frisco Chewy Cushioned Wall Mounted Cat Wall Shelf ($25), Pet Zone Play-N-Squeak MouseHunter Cat Toy with Catnip ($6)"
Sabrina,11Y/2M/17D,Sabrina.jpeg,"Sheba Perfect Portions Adult Pate Wet Cat Food Trays (Case of 24), 2.6 oz. ($24), SmartyKat Instincts Soarin' Squirrel ($6)"
Samson,3Y/11M/2D,Samson.jpeg,"FELIWAY MultiCat 30 Day Plug In Starter Kit ($25), Boscute Charcoal Super Absorbency Puppy Pads, XXXL 36""x36""  ($37)"
Sara,0Y/5M/23D,Sara.jpeg,"Sheba Perfect Portions Adult Pate Wet Cat Food Trays (Case of 24), 2.6 oz. ($24), Tidy Cats Glade Clear Springs Clumping Cat Litter, 14 lb. jug ($10)"
Shadow,12Y/0M/5D,Shadow.jpeg,"OdoBan Ready-to-Use Disinfectant, Eucalyptus Scent, 32 oz. ($4), KONG Play Spaces Rave Cave Cat Tunnels with Catnip Toy ($21)"
Sheldon,6Y/2M/15D,Sheldon.jpeg,"Frisco Chewy Cushioned Wall Mounted Cat Wall Shelf ($25), PawsPik Suction Cup Cat Laser Toy ($23)"
Snorri,0Y/3M/9D,Snorri.jpeg,"Amazon Aloe Vera Hand Sanitizer, 34 fl oz (Pack of 4) ($27), Fancy Feast Gravy Lovers Grilled Wet Cat Food - (Pack of 24) 3 oz. Cans ($21)"
Snow,1Y/6M/24D,Snow.jpeg,"Frisco (Chewy) Foldable Play Tri-Tunnel Cat Toy ($13), Hartz Just for Cats Peek & Play Pop-Up Tent Cat Toy ($13)"
Speedy,0Y/6M/21D,Speedy.jpeg,"KONG Play Spaces Rave Cave Cat Tunnels with Catnip Toy ($21), REScue One-Step Concentrate Disinfectant, 1 gal ($58)"
Star,0Y/7M/4D,Star.jpeg,"OdoBan Ready-to-Use Disinfectant, Eucalyptus Scent, 32 oz. ($4), Amazon Aloe Vera Hand Sanitizer, 34 fl oz (Pack of 4) ($27)"
Stardust,0Y/5M/4D,Stardust.jpeg,"Purina Fancy Feast Delights with Cheddar Grilled Feast in Gravy Wet Cat Food - (Pack of 24) 3 oz. Cans ($21), Frisco Chewy Cushioned Wall Mounted Cat Wall Shelf ($25)"
Sweetie,1Y/8M/25D,Sweetie.jpeg,"KONG Play Spaces Rave Cave Cat Tunnels with Catnip Toy ($21), Frisco Chewy Adjustable Bolster Cat Bed, Calico Cat ($16)"
Swish,1Y/3M/15D,Swish.jpeg,"FELIWAY® Optimum 30 Day Plug In Starter Kit ($30), HOOBRO Wooden Cat Tree, Versatile Cat Tower 4-Tier, Greige BG34MZ03 ($68)"
Theodore,1Y/5M/0D,Theodore.jpeg,"Best Friends by Sheri Throw Calming Shag Faux Fur Cat Blanket ($14), Tidy Cats Clumping Multi Cat Litter, Glade Clear Springs - 38 lb. Box ($26)"
Tinker,1Y/3M/18D,Tinker.jpeg,"SmartyKat Instincts Soarin' Squirrel ($6), Pet Food Can Lids, Food Safe & Dishwasher Safe, Most Standard Size Cans (6 Pcs) ($7)"
Tippy,1Y/1M/8D,Tippy.jpeg,"OurPets Batting Practice Interactive Cat Toy ($10), Pet Food Can Lids, Food Safe & Dishwasher Safe, Most Standard Size Cans (6 Pcs) ($7)"
Tish,0Y/3M/25D,Tish.jpeg,"Boscute Charcoal Super Absorbency Puppy Pads, XXL 30""x36"" ($40), Medical Soft Max Nitrile Exam Gloves, Latex-Free, 100 Count, Medium ($8)"
Tommy,1Y/1M/8D,Tommy.jpeg,"Fancy Feast Gravy Lovers Grilled Wet Cat Food - (Pack of 24) 3 oz. Cans ($21), OdoBan Ready-to-Use Disinfectant, Eucalyptus Scent, 32 oz. ($4)"
Tsunami,1Y/8M/5D,Tsunami.jpeg,"Fancy Feast Kitten Pate Wet Cat Food - (Pack of 24) 3 oz. Cans ($21), Tidy Cats Glade Clear Springs Clumping Cat Litter, 14 lb. jug ($10)"
Tuna,2Y/4M/13D,Tuna.jpeg,"Purina ONE Tender Selects Blend with Real Chicken Digestive Formula Dry Cat Food, 22 lb. Bag ($28), Frisco Foldable Play Tunnel with Mesh Cat Toy, Baltic Teal ($13)"
Vance,2Y/5M/0D,Vance.jpeg,"EYS Narwhal Unicorn Whale Flop & Jump Interactive Plush Cat Toy ($17), Frisco Chewy Wall Mounted Cat Steps, 4 pack ($30)"
Velcro,0Y/5M/10D,Velcro.jpeg,"Supet Cat Plates, Non-Slip, Whisker Friendly, Stainless Steel Shallow Wide Dishes (8 Pcs) 13 oz. ($24), Fancy Feast Gravy Lovers Grilled Wet Cat Food - (Pack of 30) 3 oz. Cans ($26)"
Wheaties,0Y/2M/14D,Wheaties.jpeg,"Rear Cover for Automatic Microchip Cat Pet Feeder (2 pcs) ($23), REScue One-Step Concentrate Disinfectant, 1 gal ($58)"
Wynn,4Y/7M/2D,Wynn.jpeg,"REScue One-Step Ready-to-Use Disinfectant, 32 oz. ($16), Supet Cat Plates, Non-Slip, Whisker Friendly, Stainless Steel Shallow Wide Dishes (8 Pcs) 13 oz. ($24)"
Zena,1Y/1M/13D,Zena.jpeg,"Sheba Perfect Portions Adult Pate Wet Cat Food Trays (Case of 24), 2.6 oz. ($24), Temptations Cat Treats, Any Variety, 16 oz. tub ($9)"
Zillo,2Y/5M/23D,Zillo.jpeg,"COMFORT ZONE Value Kit ($53), OurPets Batting Practice Interactive Cat Toy ($10)"
